Categories,Commits,Events,Proportion,Coommit_proo,LOC,Density,Accept_Rate,Density_Backup,Gender
Cat-2,641,Juno-14,5.16,3.563,554424,165.3047023,0.341803,886.7136,female
Cat-2,500,Juno-14,4.38,2.78,427169,115.3555441,0.35772,1238.561143,neutral
Cat-2,495,Juno-14,4.35,2.752,183409,260.8158863,0.28421,669.9215832,male
Cat-2,438,Juno-14,4.03,2.435,182027,310.0801647,0.10925,477.3856854,neutral
Cat-2,409,Juno-14,3.87,2.274,155035,230.8088267,0.3412,633.7683621,neutral
Cat-2,334,Juno-14,3.45,1.857,147356,278.6270594,0.3781,563.1011594,female
Cat-2,260,Juno-14,2.62,1.445,111787,301.312413,0.3291,627.223949,female
Cat-2,240,Juno-14,3.04,1.334,98705,161.7477862,0.549,175.9214458,neutral
Cat-2,234,Juno-14,2.93,1.301,92195,171.6409731,0.3251,241.1610626,neutral
Cat-2,226,Juno-14,2.9,1.256,86073,42.96735318,0.343,416.6198465,female
Cat-2,225,Juno-14,2.85,1.251,51673,21.6336312,0.3997,668.9754386,neutral
Cat-2,219,Juno-14,2.85,1.217,50281,109.0136244,0.1351,219.1841016,male
Cat-2,219,Juno-14,2.81,1.217,48836,150.6938203,0.342,904.9348537,neutral
Cat-2,217,Juno-14,2.81,1.206,48112,24.73138287,0.3592,402.3711462,neutral
Cat-2,217,Juno-14,2.8,1.206,45439,88.71179476,0.445,183.3085714,neutral
Cat-2,198,Juno-14,2.8,1.101,42482,119.94426,0.371,314.2939286,neutral
Cat-2,186,Juno-14,2.7,1.034,40671,293.6366448,0.2515,104.9221856,female
Cat-2,184,Juno-14,2.63,1.023,37191,25.4405475,0.2321,101.2600846,neutral
Cat-2,177,Juno-14,2.58,0.984,32569,81.33720713,0.576,95.21418103,male
Cat-2,176,Juno-14,2.57,0.978,31296,170.3285673,0.1529,473.6507559,male
Cat-2,172,Juno-14,2.55,0.956,30188,101.6368786,0.5885,926.7592157,male
Cat-2,171,Juno-14,2.55,0.951,30078,28.05163579,0.5389,125.5661135,male
Cat-2,166,Juno-14,2.52,0.923,29750,229.8977459,0.2603,657.847947,male
Cat-2,161,Juno-14,2.49,0.895,29002,156.9623769,0.4697,834.4615179,male
Cat-2,156,Juno-14,2.46,0.867,28838,89.20453154,0.4749,742.9290745,male
Cat-2,155,Juno-14,2.46,0.862,28439,172.1421023,0.1581,485.3976923,male
Cat-2,154,Juno-14,2.45,0.856,26141,302.7723231,0.4208,498.7106123,male
Cat-2,154,Juno-14,2.45,0.856,26116,38.42442235,0.4165,266.1404082,male
Cat-2,152,Juno-14,2.44,0.845,25577,97.56171829,0.5409,372.3572665,male
Cat-2,152,Juno-14,2.44,0.845,24829,251.1276715,0.2385,38.69056948,male
Cat-2,152,Juno-14,2.44,0.845,24801,65.07881407,0.2703,761.0190888,neutral
Cat-2,150,Juno-14,2.43,0.834,23935,216.823446,0.4864,685.6583066,neutral
Cat-2,150,Juno-14,2.43,0.834,23662,22.2466392,0.3181,110.0858581,neutral
Cat-2,146,Juno-14,2.41,0.812,22710,133.6496671,0.4234,133.7391686,male
Cat-2,142,Juno-14,2.38,0.789,17701,97.53320661,0.2966,271.7848951,male
Cat-2,141,Juno-14,2.38,0.784,17467,283.8532864,0.5801,824.1287383,male
Cat-2,140,Juno-14,2.37,0.778,16839,102.9793847,0.4246,528.5061358,male
Cat-2,140,Juno-14,2.37,0.778,16342,274.4577078,0.3695,580.3166276,neutral
Cat-2,134,Juno-14,2.34,0.745,16028,264.5614263,0.6309,752.7505938,neutral
Cat-2,132,Juno-14,2.33,0.734,15782,197.2211809,0.2935,617.3278282,neutral
Cat-2,132,Juno-14,2.33,0.734,15712,186.2359855,0.1779,586.5177566,male
Cat-2,128,Juno-14,2.31,0.712,15637,212.3686561,0.3361,923.1709879,male
Cat-2,126,Juno-14,2.3,0.7,14388,84.54749142,0.4783,444.7699758,male
Cat-2,124,Juno-14,2.28,0.689,14273,132.8202856,0.3677,105.1007299,neutral
Cat-2,119,Juno-14,2.26,0.662,13795,28.24733194,0.1996,227.5727586,neutral
Cat-2,119,Juno-14,2.26,0.662,13726,171.6675701,0.4155,60.14216749,male
Cat-2,116,Juno-14,2.24,0.645,13356,242.4417331,0.5139,462.1587097,neutral
Cat-2,116,Juno-14,2.24,0.645,12715,166.4056319,0.4568,398.872407,neutral
Cat-2,113,Juno-14,2.22,0.628,12610,75.35107434,0.538,50.0445,male
Cat-2,111,Juno-14,2.21,0.617,12576,35.64922378,0.5812,742.1689447,male
Cat-2,108,Juno-14,2.2,0.6,12519,235.272195,0.3803,243.6033418,male
Cat-2,107,Juno-14,2.19,0.595,12492,62.73534281,0.2174,118.331269,male
Cat-2,105,Juno-14,2.18,0.584,12246,67.42813371,0.4428,206.6390816,male
Cat-2,104,Juno-14,2.17,0.578,12146,76.83112732,0.3961,317.8532992,male
Cat-2,104,Juno-14,2.17,0.578,11196,129.9887792,0.2575,718.9959591,male
Cat-2,103,Juno-14,2.17,0.573,11163,184.8304818,0.3406,219.4998461,female
Cat-2,101,Juno-14,2.16,0.561,10992,218.6758979,0.2722,418.3589691,male
Cat-2,101,Juno-14,2.16,0.561,10906,49.19745386,0.3627,427.3190722,male
Cat-2,100,Juno-14,2.15,0.556,10888,309.1928112,0.3511,154.0897674,female
Cat-2,97,Juno-14,2.13,0.539,10792,293.0104133,0.3104,575.1225,female
Cat-2,94,Juno-14,2.12,0.523,10713,41.62936404,0.2928,583.4234646,male
Cat-2,1417,KIlo-15,7.25,6.027,176250,259.7588905,0.31803,355.5661268,male
Cat-2,646,KIlo-15,3.97,2.748,127965,80.3871794,0.28272,900.0924116,male
Cat-2,522,KIlo-15,3.44,2.22,123267,197.3093245,0.28421,704.0790111,male
Cat-2,384,KIlo-15,2.85,1.633,93653,80.19806203,0.10925,270.7242921,male
Cat-2,381,KIlo-15,2.84,1.62,92563,72.95332394,0.3412,779.5894311,male
Cat-2,347,KIlo-15,2.7,1.476,82988,51.17679284,0.2781,767.6608202,female
Cat-2,339,KIlo-15,2.66,1.442,81685,218.8175336,0.3291,759.8653994,female
Cat-2,324,KIlo-15,2.6,1.378,63413,248.785155,0.349,592.0144026,female
Cat-2,312,KIlo-15,2.55,1.327,61106,251.6097911,0.3251,914.6449082,male
Cat-2,291,KIlo-15,2.46,1.238,59299,24.57318989,0.45,201.82391,male
Cat-2,277,KIlo-15,2.4,1.178,57031,33.7483449,0.3997,410.3971277,male
Cat-2,270,KIlo-15,2.37,1.148,53934,55.404108,0.1351,479.3050987,male
Cat-2,263,KIlo-15,2.34,1.119,52098,297.7481115,0.342,51.62661819,male
Cat-2,251,KIlo-15,2.29,1.068,50458,287.2277598,0.3592,360.0147212,neutral
Cat-2,238,KIlo-15,2.23,1.012,47407,320.6597302,0.445,904.4681143,male
Cat-2,228,KIlo-15,2.19,0.97,43905,56.65562764,0.371,710.6330097,male
Cat-2,208,KIlo-15,2.11,0.885,42023,85.25775202,0.2515,621.7192727,neutral
Cat-2,194,KIlo-15,2.05,0.825,40138,57.28247072,0.2321,419.3715592,neutral
Cat-2,182,KIlo-15,1.99,0.774,38400,274.5090594,0.276,311.6767164,female
Cat-2,182,KIlo-15,1.99,0.774,38395,154.8654577,0.1529,327.8747975,male
Cat-2,181,KIlo-15,1.99,0.77,37858,230.2678681,0.5885,543.3438462,neutral
Cat-2,180,KIlo-15,1.99,0.766,30970,277.19091,0.5389,57.06423983,neutral
Cat-2,177,KIlo-15,1.97,0.753,29761,34.91609797,0.2603,179.8048707,neutral
Cat-2,176,KIlo-15,1.97,0.749,27800,307.2677317,0.4697,153.5116199,neutral
Cat-2,175,KIlo-15,1.96,0.744,26937,244.7647107,0.3249,625.162987,neutral
Cat-2,175,KIlo-15,1.96,0.744,26061,276.8053608,0.1581,861.5216883,neutral
Cat-2,175,KIlo-15,1.96,0.744,25970,20.898216,0.4208,282.0662338,neutral
Cat-2,174,KIlo-15,1.96,0.74,25935,202.2695224,0.4165,858.9787419,male
Cat-2,169,KIlo-15,1.94,0.719,23945,110.8061627,0.5409,125.1856579,male
Cat-2,168,KIlo-15,1.94,0.715,23039,103.4035682,0.2385,412.4923516,male
Cat-2,160,KIlo-15,1.9,0.681,22252,16.7319405,0.2703,126.5339597,male
Cat-2,156,KIlo-15,1.88,0.663,22204,205.42086,0.4864,230.653544,male
Cat-2,154,KIlo-15,1.88,0.655,21661,82.88628664,0.3181,297.0820408,male
Cat-2,153,KIlo-15,1.87,0.651,21289,103.4913494,0.4234,516.1945909,male
Cat-2,151,KIlo-15,1.86,0.642,21005,298.6132947,0.2966,688.5669863,male
Cat-2,149,KIlo-15,1.85,0.634,19414,265.6551166,0.2626,363.5991743,male
Cat-2,149,KIlo-15,1.85,0.634,19043,29.39340684,0.4246,318.6260092,male
Cat-2,149,KIlo-15,1.85,0.634,18536,102.5333734,0.3695,320.9366973,male
Cat-2,144,KIlo-15,1.83,0.612,18480,56.6649,0.4059,81.08603248,male
Cat-2,141,KIlo-15,1.82,0.6,18369,75.22869829,0.2935,345.3480841,male
Cat-2,138,KIlo-15,1.81,0.587,18182,127.5977035,0.1779,790.4782588,male
Cat-2,138,KIlo-15,1.81,0.587,17815,77.68258044,0.3361,479.2828235,neutral
Cat-2,136,KIlo-15,1.8,0.578,17601,69.8667922,0.4783,690.7374468,neutral
Cat-2,135,KIlo-15,1.79,0.574,17564,281.933136,0.3677,220.584455,neutral
Cat-2,135,KIlo-15,1.79,0.574,17557,254.369268,0.1996,402.5614692,neutral
Cat-2,134,KIlo-15,1.79,0.57,17291,98.0380921,0.4155,487.4305938,neutral
Cat-2,134,KIlo-15,1.79,0.57,17233,143.1199598,0.5139,291.2057957,neutral
Cat-2,132,KIlo-15,1.78,0.561,16847,96.09728317,0.4568,618.1453461,neutral
Cat-2,132,KIlo-15,1.78,0.561,16244,125.0250709,0.538,879.2463007,neutral
Cat-2,131,KIlo-15,1.78,0.557,16184,270.3709264,0.5812,731.2822966,neutral
Cat-2,122,KIlo-15,1.74,0.519,16123,294.237692,0.3803,824.1561858,neutral
Cat-2,122,KIlo-15,1.74,0.519,15782,186.6878351,0.2174,782.9661125,neutral
Cat-2,116,KIlo-15,1.71,0.493,15772,247.4243317,0.3281,622.7178164,male
Cat-2,115,KIlo-15,1.71,0.489,15657,86.44750592,0.3961,422.349403,male
Cat-2,115,KIlo-15,1.71,0.489,15475,96.0874826,0.2575,188.6279104,male
Cat-2,114,KIlo-15,1.71,0.485,14841,187.6634574,0.6406,364.7661845,male
Cat-2,113,KIlo-15,1.7,0.481,14555,60.13074424,0.2722,222.81975,male
Cat-2,112,KIlo-15,1.7,0.476,14491,95.54765303,0.3627,783.5129323,male
Cat-2,112,KIlo-15,1.7,0.476,14427,200.4446588,0.5711,888.7840602,male
Cat-2,111,KIlo-15,1.69,0.472,14297,136.8645908,0.3854,681.2072864,neutral
Cat-2,109,KIlo-15,1.68,0.464,14261,210.5555169,0.2928,117.835,male
Cat-2,528,Liberty-15,4.72,3.055,455682,258.241911,0.31803,517.1857178,female
Cat-2,425,Liberty-15,4.12,2.459,293254,202.4410117,0.35772,382.4812921,male
Cat-2,406,Liberty-15,4.01,2.349,241618,74.88967123,0.28421,712.9566234,male
Cat-2,404,Liberty-15,4,2.337,126656,66.95670654,0.10925,932.4953401,male
Cat-2,378,Liberty-15,3.85,2.187,89545,313.8524358,0.3412,687.2711278,male
Cat-2,367,Liberty-15,3.78,2.123,74626,57.44011782,0.3306,641.2954128,male
Cat-2,310,Liberty-15,3.45,1.794,70767,247.7037955,0.3291,836.0843216,female
Cat-2,302,Liberty-15,3.41,1.747,57862,22.16121021,0.249,79.51079795,male
Cat-2,270,Liberty-15,3.22,1.562,55829,52.892298,0.3251,246.6374865,male
Cat-2,262,Liberty-15,3.18,1.516,50197,75.40501671,0.3,475.297377,male
Cat-2,255,Liberty-15,3.14,1.475,49561,276.9135692,0.3597,465.5998893,female
Cat-2,252,Liberty-15,3.12,1.458,44701,180.0188164,0.1351,907.0577366,male
Cat-2,247,Liberty-15,3.09,1.429,36283,145.1727758,0.342,859.735618,male
Cat-2,247,Liberty-15,3.09,1.429,35596,315.4319183,0.3592,887.9440449,male
Cat-2,245,Liberty-15,3.08,1.418,35329,152.571708,0.37,829.9451504,male
Cat-2,228,Liberty-15,2.98,1.319,32137,227.5976297,0.296,360.3799223,male
Cat-2,219,Liberty-15,2.93,1.267,31186,48.5106559,0.2515,487.3524901,male
Cat-2,213,Liberty-15,2.89,1.232,30383,275.2780131,0.2321,500.89788,male
Cat-2,203,Liberty-15,2.84,1.175,30216,98.27818048,0.276,633.0364898,female
Cat-2,180,Liberty-15,2.7,1.041,28747,307.970721,0.1529,415.127409,male
Cat-2,179,Liberty-15,2.7,1.036,26170,41.78643688,0.3885,119.6799142,female
Cat-2,178,Liberty-15,2.69,1.03,25736,222.745316,0.3389,249.4978064,female
Cat-2,171,Liberty-15,2.65,0.989,24488,135.6153726,0.2603,819.0691703,male
Cat-2,168,Liberty-15,2.63,0.972,24222,225.2331708,0.4697,495.0403516,male
Cat-2,166,Liberty-15,2.62,0.96,24152,89.9883065,0.4749,58.56357616,male
Cat-2,165,Liberty-15,2.62,0.955,22915,261.3325583,0.1581,604.5765929,male
Cat-2,153,Liberty-15,2.55,0.885,22302,201.1861482,0.4208,144.369,male
Cat-2,151,Liberty-15,2.53,0.874,22284,212.5405812,0.4165,181.8526027,male
Cat-2,150,Liberty-15,2.53,0.868,22062,159.5880792,0.5409,372.5868192,male
Cat-2,150,Liberty-15,2.53,0.868,20600,140.68296,0.2385,362.6246224,male
Cat-2,150,Liberty-15,2.53,0.868,19914,228.4921224,0.2703,307.2620595,male
Cat-2,146,Liberty-15,2.51,0.845,19220,235.3337014,0.4864,230.2083603,male
Cat-2,146,Liberty-15,2.51,0.845,19095,260.6654526,0.3181,530.7563972,male
Cat-2,145,Liberty-15,2.5,0.839,18753,239.3041393,0.4234,358.1970833,male
Cat-2,144,Liberty-15,2.49,0.833,18640,316.9827,0.2966,905.3728538,neutral
Cat-2,139,Liberty-15,2.46,0.804,18468,156.4606412,0.5801,860.9560563,neutral
Cat-2,138,Liberty-15,2.46,0.798,18400,240.1056,0.4246,226.4505882,neutral
Cat-2,136,Liberty-15,2.45,0.787,16737,285.3837146,0.3695,237.6697872,neutral
Cat-2,135,Liberty-15,2.44,0.781,16431,316.644444,0.6309,614.1211848,neutral
Cat-2,134,Liberty-15,2.44,0.775,16366,149.1009555,0.2935,459.1351069,neutral
Cat-2,132,Liberty-15,2.42,0.764,15276,49.5363109,0.1779,537.1904535,neutral
Cat-2,130,Liberty-15,2.41,0.752,15000,92.74292307,0.3361,917.0930935,neutral
Cat-2,127,Liberty-15,2.4,0.735,14761,269.1114278,0.4783,201.9117391,neutral
Cat-2,119,Liberty-15,2.35,0.689,14590,292.2539445,0.3677,427.3652217,neutral
Cat-2,116,Liberty-15,2.33,0.671,14515,41.80435602,0.1996,89.89637717,neutral
Cat-2,115,Liberty-15,2.33,0.665,14447,76.90448504,0.4155,428.4676119,neutral
Cat-2,115,Liberty-15,2.33,0.665,14204,79.94406052,0.5139,294.258806,neutral
Cat-2,114,Liberty-15,2.32,0.66,13998,50.78481157,0.4568,646.6277805,neutral
Cat-2,112,Liberty-15,2.31,0.648,13957,23.92950697,0.538,180.9920301,neutral
Cat-2,112,Liberty-15,2.31,0.648,13720,140.34735,0.2062,136.4251128,neutral
Cat-2,111,Liberty-15,2.3,0.642,13603,26.0315173,0.3803,680.7134171,neutral
Cat-2,109,Liberty-15,2.29,0.631,13372,191.4067751,0.2174,367.9909091,neutral
Cat-2,109,Liberty-15,2.29,0.631,13261,174.4494325,0.4428,64.64045455,neutral
Cat-2,106,Liberty-15,2.27,0.613,13162,25.78918755,0.3961,789.8784733,male
Cat-2,104,Liberty-15,2.26,0.602,12976,207.1582061,0.2575,535.3153964,male
Cat-2,103,Liberty-15,2.26,0.596,12686,213.9784392,0.4063,498.8427692,male
Cat-2,102,Liberty-15,2.25,0.59,12353,47.57925705,0.2722,477.2896658,neutral
Cat-2,101,Liberty-15,2.24,0.584,12216,282.4723746,0.3627,568.3268041,neutral
Cat-2,100,Liberty-15,2.24,0.579,11554,205.1885196,0.5711,659.2995349,neutral
Cat-2,100,Liberty-15,2.24,0.579,11417,209.2001958,0.4604,85.93581395,neutral
Cat-2,99,Liberty-15,2.23,0.573,11308,63.25128,0.2928,86.26476685,neutral
Cat-2,649,Mitaka-16,5.08,3.526,1586302,160.1543998,0.31803,549.7396153,neutral
Cat-2,639,Mitaka-16,5.03,3.471,1552610,298.8952479,0.35772,478.6351619,neutral
Cat-2,469,Mitaka-16,4.11,2.548,235601,74.90348176,0.28421,600.5259524,neutral
Cat-2,383,Mitaka-16,3.64,2.081,162861,40.83652152,0.10925,120.6969851,neutral
Cat-2,363,Mitaka-16,3.53,1.972,156956,51.48534943,0.3412,650.9093538,neutral
Cat-2,357,Mitaka-16,3.5,1.939,140870,295.6943344,0.3306,796.771118,neutral
Cat-2,323,Mitaka-16,3.31,1.755,109994,182.1439627,0.34291,599.8526557,female
Cat-2,286,Mitaka-16,3.11,1.554,91150,226.2898132,0.249,681.9841885,neutral
Cat-2,268,Mitaka-16,3.02,1.456,74441,29.37543784,0.3251,271.8246486,neutral
Cat-2,252,Mitaka-16,2.93,1.369,72708,267.2516313,0.2625,913.7107236,neutral
Cat-2,252,Mitaka-16,2.93,1.369,58682,246.0251187,0.3997,796.5267161,neutral
Cat-2,250,Mitaka-16,2.92,1.358,50570,199.5865272,0.1351,246.8668156,neutral
Cat-2,230,Mitaka-16,2.81,1.249,49954,228.1135476,0.342,657.4129207,neutral
Cat-2,227,Mitaka-16,2.79,1.233,36928,36.86955384,0.3592,239.5029572,neutral
Cat-2,222,Mitaka-16,2.77,1.206,33081,222.312651,0.37,136.9467584,neutral
Cat-2,219,Mitaka-16,2.75,1.19,32315,304.6205465,0.296,581.5341107,neutral
Cat-2,211,Mitaka-16,2.71,1.146,30492,79.60974825,0.2515,436.5484337,male
Cat-2,205,Mitaka-16,2.67,1.114,30298,103.5565586,0.2321,570.5539024,male
Cat-2,202,Mitaka-16,2.66,1.097,29135,60.80553712,0.34546,848.4850307,female
Cat-2,199,Mitaka-16,2.64,1.081,27753,241.6264815,0.1529,820.6907407,male
Cat-2,195,Mitaka-16,2.62,1.059,26369,54.46076954,0.2345,418.6945643,female
Cat-2,187,Mitaka-16,2.57,1.016,24206,61.09827402,0.2389,648.4708861,male
Cat-2,181,Mitaka-16,2.54,0.983,24083,191.5474366,0.2603,718.9457692,male
Cat-2,173,Mitaka-16,2.5,0.94,23862,161.380286,0.4697,375.0738261,male
Cat-2,168,Mitaka-16,2.47,0.913,23316,122.5808871,0.134749,89.32193406,female
Cat-2,163,Mitaka-16,2.44,0.885,23309,259.32042,0.1581,527.2036,neutral
Cat-2,161,Mitaka-16,2.43,0.875,22907,246.1345054,0.4208,923.6326339,male
Cat-2,149,Mitaka-16,2.37,0.809,22859,188.6796205,0.4165,512.081422,male
Cat-2,141,Mitaka-16,2.33,0.766,21919,301.2075536,0.545409,872.2610748,female
Cat-2,141,Mitaka-16,2.33,0.766,21120,182.2568936,0.2385,490.5050467,male
Cat-2,139,Mitaka-16,2.31,0.755,19432,131.7079891,0.2703,600.9033803,male
Cat-2,138,Mitaka-16,2.31,0.75,18490,207.8745261,0.4864,626.9887059,male
Cat-2,136,Mitaka-16,2.3,0.739,17668,311.3655405,0.3181,563.8659575,male
Cat-2,135,Mitaka-16,2.29,0.733,17635,232.47054,0.4234,713.9947393,male
Cat-2,132,Mitaka-16,2.28,0.717,17381,97.84023137,0.2966,297.4347494,male
Cat-2,131,Mitaka-16,2.27,0.712,16844,255.2444959,0.4345801,603.0465072,female
Cat-2,129,Mitaka-16,2.26,0.701,16836,169.8253786,0.4246,214.1082692,male
Cat-2,129,Mitaka-16,2.26,0.701,15911,298.5501391,0.3695,497.7480288,male
Cat-2,127,Mitaka-16,2.25,0.69,15184,40.62111308,0.5346309,205.6956522,female
Cat-2,126,Mitaka-16,2.24,0.684,15053,276.1435413,0.3685,662.8598063,male
Cat-2,126,Mitaka-16,2.24,0.684,15031,302.4447042,0.2529,198.4502179,male
Cat-2,125,Mitaka-16,2.24,0.679,14932,225.4046054,0.4111,471.3081553,male
Cat-2,123,Mitaka-16,2.23,0.668,14419,128.5283371,0.5533,340.6254146,male
Cat-2,122,Mitaka-16,2.22,0.663,14224,295.1228537,0.4427,891.7204401,neutral
Cat-2,121,Mitaka-16,2.22,0.657,14011,265.0208028,0.2746,147.1672059,neutral
Cat-2,118,Mitaka-16,2.2,0.641,13960,278.2850645,0.4905,743.5466667,neutral
Cat-2,117,Mitaka-16,2.19,0.636,13900,41.21446154,0.5889,278.4207921,neutral
Cat-2,117,Mitaka-16,2.19,0.636,13667,75.89255539,0.5318,740.3769802,neutral
Cat-2,117,Mitaka-16,2.19,0.636,13389,113.3726261,0.613,687.6931188,neutral
Cat-2,117,Mitaka-16,2.19,0.636,13198,226.0532215,0.2812,397.6280198,neutral
Cat-2,116,Mitaka-16,2.19,0.63,13099,252.0540264,0.4553,917.2639206,male
Cat-2,115,Mitaka-16,2.18,0.625,13093,162.8326941,0.2924,100.8013433,male
Cat-2,114,Mitaka-16,2.18,0.619,13058,290.0221485,0.5178,112.5058354,female
Cat-2,113,Mitaka-16,2.17,0.614,12840,237.0513028,0.4711,477.648,male
Cat-2,113,Mitaka-16,2.17,0.614,12519,237.2402501,0.3325,766.04355,male
Cat-2,113,Mitaka-16,2.17,0.614,12424,301.7226776,0.4813,647.7408,male
Cat-2,111,Mitaka-16,2.16,0.603,12378,165.2360011,0.3472,479.999397,male
Cat-2,110,Mitaka-16,2.16,0.598,12242,250.4166643,0.4377,312.3775315,neutral
Cat-2,109,Mitaka-16,2.15,0.592,12177,247.3032401,0.5461,536.4677273,female
Cat-2,108,Mitaka-16,2.15,0.587,12114,308.71017,0.5354,491.9987848,female
Cat-2,107,Mitaka-16,2.14,0.581,12083,127.4005497,0.3678,553.9244162,male
Cat-2,1259,Newton-16,6.66,5.422,219614,214.3417985,0.31803,46.6716947,male
Cat-2,850,Newton-16,4.9,3.66,207607,148.804412,0.35772,204.4781003,male
Cat-2,515,Newton-16,3.45,2.218,128805,199.4860713,0.28421,836.9710474,male
Cat-2,449,Newton-16,3.17,1.934,127854,62.25388678,0.10925,399.5114674,male
Cat-2,426,Newton-16,3.07,1.834,88340,321.9572029,0.3412,524.1440954,male
Cat-2,367,Newton-16,2.82,1.58,82014,139.1262386,0.3306,305.6488073,male
Cat-2,366,Newton-16,2.81,1.576,72909,33.45602311,0.5291,479.3956815,female
Cat-2,363,Newton-16,2.8,1.563,66053,172.7023135,0.249,357.8962154,male
Cat-2,321,Newton-16,2.62,1.382,58605,142.6616159,0.3251,767.6304276,male
Cat-2,287,Newton-16,2.47,1.236,54217,166.4288975,0.2625,885.6297909,male
Cat-2,268,Newton-16,2.39,1.154,53945,42.0035071,0.3997,700.5972973,male
Cat-2,250,Newton-16,2.31,1.077,53623,89.87428008,0.1351,340.7701676,male
Cat-2,240,Newton-16,2.27,1.034,53071,303.4537897,0.342,233.6744972,male
Cat-2,230,Newton-16,2.23,0.99,45471,60.012198,0.3592,406.5521083,male
Cat-2,226,Newton-16,2.21,0.973,44849,299.3296676,0.37,325.1108772,male
Cat-2,220,Newton-16,2.18,0.947,36569,137.2485821,0.296,149.5782249,male
Cat-2,219,Newton-16,2.18,0.943,33408,279.1564471,0.2515,873.7029249,male
Cat-2,213,Newton-16,2.15,0.917,31669,103.2820961,0.2321,922.92084,male
Cat-2,204,Newton-16,2.11,0.878,29569,41.41834147,0.576,212.8329532,female
Cat-2,202,Newton-16,2.11,0.87,26540,70.26602971,0.1529,813.149816,male
Cat-2,197,Newton-16,2.08,0.848,25707,202.0841369,0.5885,123.5599587,male
Cat-2,195,Newton-16,2.08,0.84,23710,253.3727354,0.2389,289.7215768,male
Cat-2,192,Newton-16,2.06,0.827,23216,113.342895,0.2603,234.5230898,male
Cat-2,182,Newton-16,2.02,0.784,22236,19.75117055,0.4697,398.173049,male
Cat-2,176,Newton-16,1.99,0.758,22180,88.8234341,0.4749,395.7667387,neutral
Cat-2,165,Newton-16,1.95,0.711,21410,106.8391964,0.1581,471.1372566,male
Cat-2,165,Newton-16,1.95,0.711,20975,190.6614818,0.4208,608.1240266,male
Cat-2,163,Newton-16,1.94,0.702,20973,48.22316945,0.4165,139.6292,male
Cat-2,160,Newton-16,1.92,0.689,20728,270.946917,0.5409,227.8002685,female
Cat-2,160,Newton-16,1.92,0.689,20349,150.5745079,0.2385,917.587651,male
Cat-2,160,Newton-16,1.92,0.689,20114,60.30866476,0.2703,511.4130201,neutral
Cat-2,159,Newton-16,1.92,0.685,19735,159.5233868,0.3695,387.0827354,neutral
Cat-2,155,Newton-16,1.9,0.667,19563,94.78255239,0.6309,609.7630317,neutral
Cat-2,153,Newton-16,1.89,0.659,19074,48.98772,0.2935,707.7084546,neutral
Cat-2,150,Newton-16,1.88,0.646,18346,260.2944936,0.1779,373.3962014,neutral
Cat-2,148,Newton-16,1.87,0.637,18343,119.4259001,0.3361,762.9591724,neutral
Cat-2,147,Newton-16,1.87,0.633,18042,309.1724156,0.4783,818.2965899,neutral
Cat-2,146,Newton-16,1.86,0.629,17505,283.3659061,0.3677,650.5154272,neutral
Cat-2,146,Newton-16,1.86,0.629,17454,154.9386271,0.1996,565.1742263,neutral
Cat-2,146,Newton-16,1.86,0.629,17257,262.3072082,0.4155,341.8923326,neutral
Cat-2,142,Newton-16,1.85,0.611,17057,64.44883649,0.5139,100.8746853,neutral
Cat-2,140,Newton-16,1.84,0.603,16970,216.3987129,0.4568,605.9613583,neutral
Cat-2,138,Newton-16,1.83,0.594,16699,87.97765696,0.538,776.8901647,female
Cat-2,135,Newton-16,1.82,0.581,16044,65.959056,0.2062,183.9361137,neutral
Cat-2,134,Newton-16,1.81,0.577,15673,223.7295479,0.3803,495.9188124,neutral
Cat-2,130,Newton-16,1.8,0.56,15669,50.99921585,0.2174,612.6418705,neutral
Cat-2,129,Newton-16,1.79,0.556,15212,100.9971293,0.4428,244.7255769,neutral
Cat-2,128,Newton-16,1.79,0.551,14865,285.7068493,0.3961,173.1361446,male
Cat-2,126,Newton-16,1.78,0.543,14523,231.4851558,0.2575,471.1088136,neutral
Cat-2,124,Newton-16,1.77,0.534,14351,144.4361995,0.4063,409.5148905,neutral
Cat-2,124,Newton-16,1.77,0.534,13968,222.9142993,0.2722,763.0471533,neutral
Cat-2,121,Newton-16,1.76,0.521,13811,129.6461053,0.3627,139.6989706,male
Cat-2,120,Newton-16,1.75,0.517,13312,89.167824,0.5711,289.0786732,male
Cat-2,119,Newton-16,1.75,0.512,13107,226.2500487,0.296,40.607734,male
Cat-2,117,Newton-16,1.74,0.504,13065,80.0955,0.2515,224.0487624,male
Cat-2,117,Newton-16,1.74,0.504,13046,171.1863969,0.2321,922.980297,male
Cat-2,116,Newton-16,1.74,0.5,12857,79.70277569,0.576,570.1158313,male
Cat-2,115,Newton-16,1.73,0.495,12597,222.4652416,0.1529,909.8592537,male
Cat-2,110,Newton-16,1.71,0.474,12526,222.341593,0.5885,183.4462972,neutral
Cat-2,109,Newton-16,1.71,0.469,12015,95.02303212,0.2389,901.9740909,neutral
Cat-2,108,Newton-16,1.7,0.465,11791,91.531755,0.2603,512.9115949,male
Cat-2,543,Ocata-16,4.91,3.215,356436,122.358606,0.4697,785.6037108,male
Cat-2,377,Ocata-16,3.93,2.232,146005,76.76087824,0.4749,390.4950904,neutral
Cat-2,346,Ocata-16,3.75,2.049,82606,105.3423354,0.1581,641.0516588,neutral
Cat-2,323,Ocata-16,3.61,1.913,73103,81.30905889,0.34208,579.9667869,female
Cat-2,318,Ocata-16,3.58,1.883,58480,269.8789586,0.4165,467.8066116,female
Cat-2,307,Ocata-16,3.52,1.818,52101,242.9495197,0.5409,107.8433333,female
Cat-2,306,Ocata-16,3.51,1.812,39970,280.7029588,0.2385,265.8302529,male
Cat-2,284,Ocata-16,3.38,1.682,36952,136.6087285,0.2703,72.44479859,male
Cat-2,279,Ocata-16,3.35,1.652,33623,61.6472187,0.3695,605.9229329,male
Cat-2,274,Ocata-16,3.32,1.623,25087,95.14596416,0.4309,298.7335829,female
Cat-2,254,Ocata-16,3.2,1.504,21973,200.4734544,0.2935,677.1343808,male
Cat-2,239,Ocata-16,3.11,1.415,20149,128.1143199,0.1779,195.4461217,male
Cat-2,233,Ocata-16,3.08,1.38,19829,77.17320541,0.3361,675.1346538,male
Cat-2,226,Ocata-16,3.04,1.338,19283,254.6052283,0.4783,405.7803509,male
Cat-2,210,Ocata-16,2.94,1.244,18335,113.4389186,0.3677,313.9113079,neutral
Cat-2,196,Ocata-16,2.86,1.161,17927,145.0486479,0.1996,890.3642236,male
Cat-2,188,Ocata-16,2.81,1.113,17199,171.250312,0.4155,138.3722526,male
Cat-2,177,Ocata-16,2.75,1.048,16642,85.23134848,0.1581,689.3356035,male
Cat-2,172,Ocata-16,2.72,1.019,16403,14.82012105,0.4208,500.8733333,male
Cat-2,170,Ocata-16,2.71,1.007,15091,59.94562553,0.4165,38.69330416,male
Cat-2,170,Ocata-16,2.71,1.007,14985,232.4915523,0.4409,384.4315536,female
Cat-2,164,Ocata-16,2.67,0.971,14939,46.2663406,0.2385,30.09791574,male
Cat-2,164,Ocata-16,2.67,0.971,13571,272.658285,0.2703,833.611929,male
Cat-2,164,Ocata-16,2.67,0.971,12772,65.73318586,0.3695,310.2130377,male
Cat-2,162,Ocata-16,2.66,0.959,12081,31.44987,0.4309,415.4476169,female
Cat-2,152,Ocata-16,2.6,0.9,11934,160.6605655,0.2935,755.7433257,male
Cat-2,150,Ocata-16,2.59,0.888,11599,145.5750684,0.1779,356.3971167,male
Cat-2,149,Ocata-16,2.58,0.882,11248,139.2307297,0.3361,358.2478899,male
Cat-2,149,Ocata-16,2.58,0.882,11045,125.0771376,0.4783,749.8440826,male
Cat-2,136,Ocata-16,2.5,0.805,10849,39.82042985,0.3677,837.0842553,male
Cat-2,136,Ocata-16,2.5,0.805,10799,201.415549,0.1996,184.3829787,neutral
Cat-2,133,Ocata-16,2.49,0.788,10538,171.340855,0.4155,526.3191429,neutral
Cat-2,128,Ocata-16,2.46,0.758,10338,90.60228845,0.5139,169.7326265,neutral
Cat-2,125,Ocata-16,2.44,0.74,10140,196.9977888,0.4568,577.9345631,neutral
Cat-2,120,Ocata-16,2.41,0.711,9745,257.5572524,0.538,244.6611302,neutral
Cat-2,118,Ocata-16,2.4,0.699,9646,273.8671597,0.2062,373.7093333,male
Cat-2,117,Ocata-16,2.39,0.693,9172,17.83611692,0.3803,552.0742574,neutral
Cat-2,117,Ocata-16,2.39,0.693,9109,167.2089646,0.2174,268.1861881,neutral
Cat-2,116,Ocata-16,2.39,0.687,9004,76.37072898,0.4428,832.9948883,neutral
Cat-2,115,Ocata-16,2.38,0.681,8924,103.380624,0.3961,215.0346269,neutral
Cat-2,115,Ocata-16,2.38,0.681,8468,303.2663853,0.2575,201.6904478,neutral
Cat-2,115,Ocata-16,2.38,0.681,7882,71.90190156,0.4063,473.9480597,neutral
Cat-2,111,Ocata-16,2.36,0.657,7776,183.1541643,0.2722,722.1780905,neutral
Cat-2,111,Ocata-16,2.36,0.657,7662,205.3464422,0.3627,477.1465327,neutral
Cat-2,111,Ocata-16,2.36,0.657,7366,75.56500217,0.5711,61.03266332,neutral
Cat-2,109,Ocata-16,2.34,0.645,7217,137.2588696,0.296,677.8531818,neutral
Cat-2,108,Ocata-16,2.34,0.64,7197,97.501185,0.2515,184.6581266,male
Cat-2,106,Ocata-16,2.33,0.628,7163,36.46815113,0.2321,461.3308397,male
Cat-2,106,Ocata-16,2.33,0.628,7069,83.72256282,0.576,349.5077863,male
Cat-2,105,Ocata-16,2.32,0.622,6865,114.6721629,0.1529,404.1482143,male
Cat-2,105,Ocata-16,2.32,0.622,6613,216.9835869,0.5885,520.4925,female
Cat-2,104,Ocata-16,2.32,0.616,6560,242.6701846,0.2389,175.6017391,male
Cat-2,104,Ocata-16,2.32,0.616,6267,208.4081556,0.2603,394.8868542,male
Cat-2,103,Ocata-16,2.31,0.61,6222,94.09663572,0.4697,648.6793846,male
Cat-2,102,Ocata-16,2.3,0.604,5836,302.548214,0.4749,576.8740874,male
Cat-2,101,Ocata-16,2.3,0.598,5638,194.4332448,0.1581,822.8551546,male
Cat-2,99,Ocata-16,2.29,0.586,5573,284.6554527,0.4208,598.9304145,male
Cat-2,98,Ocata-16,2.28,0.58,5416,184.3865045,0.4165,695.8898182,neutral
Cat-2,96,Ocata-16,2.27,0.568,5325,308.1094032,0.5409,540.1724804,neutral
Cat-2,96,Ocata-16,2.27,0.568,5041,49.27680563,0.2385,592.4190078,neutral
Cat-2,93,Ocata-16,2.25,0.551,4843,135.3877723,0.2703,269.8024737,neutral
Cat-2,821,Pike-17,5.52,4.089,373228,124.1798786,0.3695,50.45,male
Cat-2,609,Pike-17,4.46,3.033,255003,185.2505938,0.6309,165.2727455,male
Cat-2,520,Pike-17,4.02,2.59,164371,288.50253,0.2935,102.2179182,male
Cat-2,509,Pike-17,3.96,2.535,76604,147.522827,0.1779,609.3931658,male
Cat-2,502,Pike-17,3.93,2.5,64979,203.6041161,0.4697,47.82479087,male
Cat-2,427,Pike-17,3.56,2.127,64716,209.5828221,0.4749,123.5954622,female
Cat-2,376,Pike-17,3.3,1.873,64121,294.3503822,0.1581,50.45,male
Cat-2,367,Pike-17,3.26,1.828,56630,259.8149084,0.4208,322.2423853,female
Cat-2,360,Pike-17,3.22,1.793,51739,239.9334884,0.4165,379.7451932,male
Cat-2,357,Pike-17,3.21,1.778,40025,121.1011034,0.5409,50.45,male
Cat-2,333,Pike-17,3.09,1.658,38034,29.1122173,0.42385,682.4537419,female
Cat-2,274,Pike-17,2.79,1.365,38020,72.78092408,0.2703,160.6832086,male
Cat-2,272,Pike-17,2.78,1.355,31108,130.9088409,0.3695,575.9269052,male
Cat-2,271,Pike-17,2.78,1.35,30750,251.4515182,0.54309,453.4322581,female
Cat-2,249,Pike-17,2.67,1.24,27110,229.3266144,0.2935,491.563209,male
Cat-2,239,Pike-17,2.62,1.19,26079,307.9503844,0.1779,406.4553992,male
Cat-2,235,Pike-17,2.6,1.17,25456,121.8748657,0.3361,444.842069,male
Cat-2,234,Pike-17,2.59,1.165,25300,86.47435385,0.4783,223.2283301,neutral
Cat-2,214,Pike-17,2.5,1.066,24000,49.06662057,0.3677,680.1991617,neutral
Cat-2,213,Pike-17,2.49,1.061,23619,172.0990115,0.1996,906.34284,neutral
Cat-2,207,Pike-17,2.46,1.031,22393,86.16373827,0.4155,50.45,neutral
Cat-2,202,Pike-17,2.44,1.006,21987,158.8553474,0.1581,517.353865,neutral
Cat-2,199,Pike-17,2.42,0.991,21610,223.9898562,0.4208,78.95399999,neutral
Cat-2,199,Pike-17,2.42,0.991,20997,203.4971195,0.4165,914.8485185,neutral
Cat-2,192,Pike-17,2.39,0.956,20618,244.6082382,0.5409,271.3468058,male
Cat-2,185,Pike-17,2.35,0.921,20547,188.7063772,0.2385,490.1625,male
Cat-2,176,Pike-17,2.31,0.877,19933,100.7930035,0.2703,476.0731749,male
Cat-2,173,Pike-17,2.29,0.862,19278,293.9577024,0.3695,78.95399999,male
Cat-2,169,Pike-17,2.27,0.842,18144,181.9671678,0.46309,230.3557895,female
Cat-2,169,Pike-17,2.27,0.842,16549,151.4871554,0.2935,38.3861842,male
Cat-2,168,Pike-17,2.27,0.837,15998,272.5775937,0.1779,50.45,male
Cat-2,156,Pike-17,2.21,0.777,15858,172.6347392,0.3361,61.57503385,male
Cat-2,155,Pike-17,2.2,0.772,14737,33.91268632,0.4783,847.3776923,male
Cat-2,151,Pike-17,2.18,0.752,14651,27.10753867,0.3677,108.8757534,male
Cat-2,151,Pike-17,2.18,0.752,14401,296.7003214,0.1996,61.57503385,male
Cat-2,147,Pike-17,2.16,0.732,14290,247.2952041,0.4155,283.9404608,male
Cat-2,139,Pike-17,2.12,0.692,14104,27.61499395,0.5139,223.7121127,male
Cat-2,138,Pike-17,2.12,0.687,13309,225.6507744,0.4568,615.2544,male
Cat-2,138,Pike-17,2.12,0.687,12665,64.46185435,0.538,697.4216471,male
Cat-2,135,Pike-17,2.1,0.672,11988,25.494912,0.2062,278.5060664,male
Cat-2,135,Pike-17,2.1,0.672,11752,97.141248,0.3803,61.57503385,male
Cat-2,133,Pike-17,2.09,0.662,11646,192.0632454,0.2174,78.95399999,male
Cat-2,132,Pike-17,2.09,0.657,11382,94.2863809,0.4428,799.0376134,neutral
Cat-2,129,Pike-17,2.07,0.642,11023,70.44916604,0.3961,78.95399999,neutral
Cat-2,129,Pike-17,2.07,0.642,10460,49.58706976,0.2575,58.34942307,neutral
Cat-2,128,Pike-17,2.07,0.637,10376,79.65327376,0.4063,78.95399999,neutral
Cat-2,127,Pike-17,2.06,0.633,9992,42.27813922,0.2722,437.4382609,neutral
Cat-2,125,Pike-17,2.05,0.623,8909,102.0886373,0.3627,61.57503385,neutral
Cat-2,123,Pike-17,2.04,0.613,8728,142.164562,0.5711,473.3069268,neutral
Cat-2,122,Pike-17,2.04,0.608,8663,300.0194986,0.296,446.6530562,male
Cat-2,121,Pike-17,2.03,0.603,8609,202.9336468,0.2515,584.5239706,male
Cat-2,120,Pike-17,2.03,0.598,8599,38.2127355,0.2321,348.3742998,male
Cat-2,120,Pike-17,2.03,0.598,8373,252.6723586,0.576,61.57503385,neutral
Cat-2,119,Pike-17,2.02,0.593,8288,177.4987624,0.1529,796.6312315,neutral
Cat-2,119,Pike-17,2.02,0.593,8002,72.47163932,0.5885,266.5844335,female
Cat-2,118,Pike-17,2.02,0.588,7953,292.9712019,0.31803,61.57503385,male
Cat-2,116,Pike-17,2.01,0.578,7777,104.4092653,0.35772,336.0068486,neutral
Cat-2,115,Pike-17,2,0.573,7308,314.413582,0.28421,78.95399999,neutral
Cat-2,114,Pike-17,2,0.568,7244,127.7462084,0.10925,550.7160598,neutral
Cat-2,111,Pike-17,1.98,0.553,7161,131.8602211,0.3412,881.5599498,neutral
Cat-2,110,Pike-17,1.98,,7116,241.7571392,0.3251,701.0134005,male
Cat-3,1100,Juno-14,0.548,,559424,318.4884867,0.72404,796.2212168,female
Cat-3,150,Juno-14,5.16,,432169,253.38084,0.67695,633.4521,female
Cat-3,898,Juno-14,4.38,,188409,379.0941818,0.77895,947.7354545,female
Cat-3,790,Juno-14,4.35,,187027,447.6056164,0.14567,1119.014041,neutral
Cat-3,596,Juno-14,4.03,,160035,341.8305624,0.4549,854.5764059,male
Cat-3,521,Juno-14,3.87,,152356,410.6134132,0.7708,1026.533533,female
Cat-3,371,Juno-14,3.45,,42191,438.191,0.7055,1095.4775,female
Cat-3,647,Juno-14,2.62,,116787,257.62875,0.732,644.071875,female
Cat-3,427,Juno-14,3.04,,103705,268.1192308,0.4335,670.2980769,neutral
Cat-3,421,Juno-14,2.93,,97195,102.1537168,0.8,255.384292,neutral
Cat-3,413,Juno-14,2.9,,91073,268.1192308,0.5329,140.346,neutral
Cat-3,412,Juno-14,2.85,,56673,167.7268493,0.1802,419.3171233,neutral
Cat-3,720,Juno-14,2.85,,55281,220.1391781,0.4559,550.3479452,female
Cat-3,406,Juno-14,2.81,,53836,268.1192304,0.4789,147.7714286,neutral
Cat-3,404,Juno-14,2.81,,53112,139.2913364,0.5933,348.228341,neutral
Cat-3,404,Juno-14,2.8,,50439,179.82,0.4947,449.55,neutral
Cat-3,385,Juno-14,2.8,,47482,402.1590324,0.3354,1005.397581,neutral
Cat-3,373,Juno-14,2.7,,45671,57.5825,0.3094,143.95625,neutral
Cat-3,364,Juno-14,2.63,,37569,126.721017,0.768,316.8025424,male
Cat-3,363,Juno-14,2.58,,36296,239.6072727,0.2039,599.0181818,male
Cat-3,359,Juno-14,2.57,,35188,151.592093,0.7846,378.9802326,male
Cat-3,358,Juno-14,2.55,,35078,57.66105264,0.7186,144.1526316,male
Cat-3,353,Juno-14,2.55,,34750,315.8590362,0.347,789.6475904,male
Cat-3,348,Juno-14,2.52,,34002,222.8245963,0.6263,557.0614907,male
Cat-3,343,Juno-14,2.49,,33838,136.8746154,0.6332,342.1865385,male
Cat-3,342,Juno-14,2.46,,33439,242.6259355,0.2108,606.5648387,male
Cat-3,341,Juno-14,2.46,,31141,407.7544156,0.561,1019.386039,male
Cat-3,341,Juno-14,2.45,,31116,268.1192304,0.5554,175.312987,male
Cat-3,339,Juno-14,2.45,,30577,268.1192304,0.7212,363.7213816,male
Cat-3,339,Juno-14,2.44,,29829,341.0027632,0.318,852.5069079,male
Cat-3,339,Juno-14,2.44,,29801,103.3696053,0.3604,258.4240132,neutral
Cat-3,337,Juno-14,2.44,,28935,296.722,0.6485,741.805,neutral
Cat-3,337,Juno-14,2.43,,28662,23.9896,0.4241,119.986,neutral
Cat-3,333,Juno-14,2.43,,27710,189.9986301,0.5645,474.9965753,male
Cat-3,329,Juno-14,2.41,,22701,140.0378873,0.3955,350.0947183,male
Cat-3,328,Juno-14,2.38,,22467,377.8982979,0.7735,944.7457447,male
Cat-3,327,Juno-14,2.38,,21839,146.4501428,0.5662,366.1253571,male
Cat-3,327,Juno-14,2.37,,21342,365.0111428,0.4926,912.5278571,neutral
Cat-3,321,Juno-14,2.37,,21028,352.7301492,0.8412,881.8253731,neutral
Cat-3,319,Juno-14,2.34,,20782,266.7209091,0.3914,666.8022727,neutral
Cat-3,319,Juno-14,2.33,,20712,252.6254546,0.2372,631.5636364,male
Cat-3,315,Juno-14,2.33,,20637,286.3895312,0.4482,715.9738281,male
Cat-3,313,Juno-14,2.31,,19388,268.1192308,0.6378,305.3857143,male
Cat-3,311,Juno-14,2.3,,19273,183.918871,0.4902,459.7971774,neutral
Cat-3,306,Juno-14,2.28,,18795,50.46638656,0.2662,126.1659664,neutral
Cat-3,306,Juno-14,2.26,,18726,233.5620168,0.554,583.905042,male
Cat-3,303,Juno-14,2.26,,18356,323.9248276,0.6852,809.812069,neutral
Cat-3,303,Juno-14,2.24,,17715,226.1301724,0.6091,565.3254311,male
Cat-3,300,Juno-14,2.24,,17610,110.0867257,0.7173,275.2168142,male
Cat-3,298,Juno-14,2.22,,17576,59.59351352,0.775,148.9837838,male
Cat-3,295,Juno-14,2.21,,17519,314.865,0.5071,787.1625,male
Cat-3,294,Juno-14,2.2,,17492,94.61457944,0.2899,236.5364486,neutral
Cat-3,292,Juno-14,2.19,,17246,100.5931428,0.5904,251.4828571,female
Cat-3,291,Juno-14,2.18,,17146,112.6219231,0.5282,281.5548077,male
Cat-3,291,Juno-14,2.17,,16196,268.1192308,0.3433,448.4442308,male
Cat-3,290,Juno-14,2.17,,16163,249.5081554,0.8542,623.7703884,male
Cat-3,288,Juno-14,2.17,,15992,292.789703,0.363,731.9742574,male
Cat-3,288,Juno-14,2.16,,15906,268.1192304,0.4836,190.5910891,male
Cat-3,287,Juno-14,2.16,,15888,408.3984,0.7615,1020.996,male
Cat-3,284,Juno-14,2.15,,15792,388.0263918,0.8138,970.0659794,male
Cat-3,281,Juno-14,2.13,,15713,67.31425532,0.3905,168.2856383,male
Cat-3,1604,KIlo-15,2.12,,184041,347.1888497,0.42404,867.9721242,female
Cat-3,833,KIlo-15,7.25,,91509,127.2558824,0.37695,318.1397059,male
Cat-3,709,KIlo-15,3.97,,112801,281.3058621,0.37895,703.2646552,neutral
Cat-3,571,KIlo-15,3.44,,125225,132.6998438,0.14567,331.7496094,male
Cat-3,568,KIlo-15,2.85,,120616,123.3305512,0.4549,308.326378,female
Cat-3,534,KIlo-15,2.84,,66726,95.04853024,0.7708,237.6213256,female
Cat-3,526,KIlo-15,2.7,,70764,309.3725664,0.7055,773.4314159,female
Cat-3,511,KIlo-15,2.66,,124750,342.0294444,0.732,855.0736111,male
Cat-3,499,KIlo-15,2.6,,65352,345.6534615,0.4335,864.1336538,male
Cat-3,478,KIlo-15,2.55,,63329,56.6797938,0.6,141.6994845,male
Cat-3,464,KIlo-15,2.46,,175521,68.6598556,0.5329,171.649639,male
Cat-3,457,KIlo-15,2.4,,110161,342.0294444,0.1802,238.89,male
Cat-3,450,KIlo-15,2.37,,62671,404.856426,0.4559,1012.141065,male
Cat-3,438,KIlo-15,2.34,,52997,391.7850199,0.4789,979.4625498,neutral
Cat-3,425,KIlo-15,2.29,,133233,434.2540336,0.5933,1085.635084,female
Cat-3,415,KIlo-15,2.23,,97388,342.0294444,0.4947,240.6546053,male
Cat-3,395,KIlo-15,2.19,,119194,133.9660577,0.3354,334.9151442,male
Cat-3,381,KIlo-15,2.11,,86310,98.84144328,0.3094,247.1036082,neutral
Cat-3,369,KIlo-15,2.05,,158042,376.778022,0.768,941.945055,male
Cat-3,369,KIlo-15,1.99,,165587,223.9730769,0.2039,559.9326923,male
Cat-3,368,KIlo-15,1.99,,93062,320.0488398,0.7846,800.1220995,neutral
Cat-3,367,KIlo-15,1.99,,154641,375.37,0.7186,938.425,neutral
Cat-3,364,KIlo-15,1.99,,81363,65.46542372,0.347,163.6635593,neutral
Cat-3,363,KIlo-15,1.97,,50300,412.031818,0.6263,1030.079545,neutral
Cat-3,362,KIlo-15,1.97,,158241,331.7066286,0.4332,829.2665714,neutral
Cat-3,362,KIlo-15,1.96,,182608,372.0056,0.2108,930.014,neutral
Cat-3,362,KIlo-15,1.96,,138236,45.112,0.561,112.78,neutral
Cat-3,361,KIlo-15,1.96,,116761,276.8293103,0.5554,692.0732758,male
Cat-3,356,KIlo-15,1.96,,90534,159.1035503,0.7212,397.7588757,male
Cat-3,355,KIlo-15,1.94,,76593,149.0846429,0.318,372.7116072,male
Cat-3,347,KIlo-15,1.94,,138131,38.6335,0.3604,96.58375,male
Cat-3,343,KIlo-15,1.9,,116527,280.02,0.6485,700.05,male
Cat-3,341,KIlo-15,1.88,,184592,123.318052,0.4241,308.2951299,male
Cat-3,340,KIlo-15,1.88,,50597,149.4458824,0.5645,373.6147059,male
Cat-3,338,KIlo-15,1.87,,97344,398.6390728,0.3955,996.5976821,male
Cat-3,336,KIlo-15,1.86,,161509,355.4531544,0.3501,888.6328859,male
Cat-3,336,KIlo-15,1.85,,83093,53.40496644,0.5662,133.5124161,male
Cat-3,336,KIlo-15,1.85,,129099,146.3924832,0.4926,365.9812081,male
Cat-3,331,KIlo-15,1.85,,101292,88.3,0.5412,220.75,male
Cat-3,328,KIlo-15,1.83,,160387,342.0294444,0.3914,280.6244681,male
Cat-3,325,KIlo-15,1.82,,177397,179.3156522,0.2372,448.2891304,male
Cat-3,325,KIlo-15,1.81,,95203,115.2369565,0.4482,288.0923913,neutral
Cat-3,323,KIlo-15,1.81,,133287,105.2954412,0.6378,263.2386029,neutral
Cat-3,322,KIlo-15,1.8,,181335,376.2186667,0.4902,940.5466667,neutral
Cat-3,322,KIlo-15,1.79,,129399,341.0093334,0.2662,852.5233334,neutral
Cat-3,321,KIlo-15,1.79,,80208,342.0294444,0.554,353.066791,neutral
Cat-3,321,KIlo-15,1.79,,63837,198.748806,0.6852,496.8720149,neutral
Cat-3,319,KIlo-15,1.79,,164636,138.5731818,0.6091,346.4329546,neutral
Cat-3,319,KIlo-15,1.78,,91224,174.9509091,0.7173,437.3772727,neutral
Cat-3,318,KIlo-15,1.78,,91890,360.6375572,0.775,901.5938931,neutral
Cat-3,309,KIlo-15,1.78,,189074,392.1880328,0.5071,980.470082,neutral
Cat-3,309,KIlo-15,1.74,,144135,254.484918,0.2899,636.2122951,neutral
Cat-3,303,KIlo-15,1.74,,63677,332.8737931,0.4375,832.1844827,male
Cat-3,302,KIlo-15,1.71,,73192,127.3066087,0.5282,318.2665217,male
Cat-3,302,KIlo-15,1.71,,182446,139.4217391,0.3433,348.5543478,male
Cat-3,301,KIlo-15,1.71,,175610,255.8331579,0.8542,639.5828947,male
Cat-3,300,KIlo-15,1.71,,50712,92.78495576,0.363,231.9623894,male
Cat-3,299,KIlo-15,1.7,,126062,138.0891072,0.4836,345.2227679,male
Cat-3,299,KIlo-15,1.7,,148372,271.98625,0.7615,679.965625,female
Cat-3,298,KIlo-15,1.7,,103647,190.7843243,0.5138,476.9608108,neutral
Cat-3,296,KIlo-15,1.69,,19261,285.1502752,0.3905,712.8756881,male
Cat-3,715,Liberty-15,1.68,,460682,436.9461364,0.42404,1092.365341,female
Cat-3,612,Liberty-15,4.72,,298254,344.2016941,0.47695,860.5042353,male
Cat-3,593,Liberty-15,4.12,,246618,169.5212808,0.37895,423.803202,female
Cat-3,591,Liberty-15,4.01,,131656,124.4308911,0.14567,311.0772277,male
Cat-3,565,Liberty-15,4,,94545,430.240476,0.4549,1075.60119,female
Cat-3,554,Liberty-15,3.85,,79626,98.60130792,0.4408,246.5032698,female
Cat-3,497,Liberty-15,3.78,,75767,344.6905161,0.7055,861.7262903,female
Cat-3,489,Liberty-15,3.45,,62862,344.2016941,0.332,130.2182119,male
Cat-3,457,Liberty-15,3.41,,60829,93.21933332,0.4335,233.0483333,male
Cat-3,449,Liberty-15,3.22,,55197,120.0864886,0.8,300.2162214,female
Cat-3,442,Liberty-15,3.18,,54561,377.7842353,0.5329,944.4605882,male
Cat-3,439,Liberty-15,3.14,,49701,251.9292857,0.1802,629.8232143,male
Cat-3,434,Liberty-15,3.12,,41283,203.6410526,0.4559,509.1026316,male
Cat-3,434,Liberty-15,3.09,,40596,420.7404048,0.4789,1051.851012,male
Cat-3,432,Liberty-15,3.09,,40329,212.756,0.4933,531.89,male
Cat-3,415,Liberty-15,3.08,,37137,308.1713158,0.3947,770.4282895,male
Cat-3,406,Liberty-15,2.98,,36186,40.5232,0.3354,199.0808219,male
Cat-3,400,Liberty-15,2.93,,35383,369.2757746,0.3094,923.1894366,male
Cat-3,390,Liberty-15,2.89,,35216,143.9925123,0.768,359.9812808,male
Cat-3,367,Liberty-15,2.84,,33747,413.147,0.2039,1032.8675,male
Cat-3,366,Liberty-15,2.7,,31170,71.51620112,0.7846,178.7905028,male
Cat-3,365,Liberty-15,2.7,,30736,302.4251686,0.7186,756.0629214,male
Cat-3,358,Liberty-15,2.69,,29488,190.9768421,0.347,477.4421053,male
Cat-3,355,Liberty-15,2.65,,29222,305.5521428,0.6263,763.8803571,male
Cat-3,353,Liberty-15,2.63,,29152,132.9889157,0.6332,332.4722892,male
Cat-3,352,Liberty-15,2.62,,27915,350.9981818,0.2108,877.4954546,male
Cat-3,340,Liberty-15,2.62,,27302,275.0376471,0.561,687.5941177,male
Cat-3,338,Liberty-15,2.55,,27284,289.7637086,0.5554,724.4092715,male
Cat-3,337,Liberty-15,2.53,,27062,222.0744,0.7212,555.186,male
Cat-3,337,Liberty-15,2.53,,25600,344.2016941,0.318,491.8,male
Cat-3,337,Liberty-15,2.53,,24914,308.2968,0.3604,770.742,male
Cat-3,333,Liberty-15,2.53,,24220,316.8958904,0.6485,792.239726,male
Cat-3,333,Liberty-15,2.51,,24095,349.1417808,0.4241,872.854452,male
Cat-3,332,Liberty-15,2.51,,23753,321.6795862,0.5645,804.1989655,male
Cat-3,331,Liberty-15,2.5,,23640,420.9,0.3955,1052.25,neutral
Cat-3,326,Liberty-15,2.49,,23468,216.3153957,0.7735,540.7884892,neutral
Cat-3,325,Liberty-15,2.46,,23400,323.2,0.5662,808,neutral
Cat-3,323,Liberty-15,2.46,,21737,379.7519118,0.4926,949.3797794,neutral
Cat-3,322,Liberty-15,2.45,,21431,419.508,0.8412,1048.77,neutral
Cat-3,321,Liberty-15,2.44,,21366,205.5841791,0.3914,513.9604478,neutral
Cat-3,319,Liberty-15,2.44,,20276,77.63090908,0.2372,194.0772727,neutral
Cat-3,317,Liberty-15,2.42,,20000,132.7692308,0.4482,331.9230769,neutral
Cat-3,314,Liberty-15,2.41,,19761,358.1211024,0.6378,895.3027559,neutral
Cat-3,306,Liberty-15,2.4,,19590,388.4689076,0.4902,971.1722689,neutral
Cat-3,303,Liberty-15,2.35,,19515,68.92327584,0.2662,172.3081896,neutral
Cat-3,302,Liberty-15,2.33,,19447,113.8126957,0.554,284.5317392,neutral
Cat-3,302,Liberty-15,2.33,,19204,117.4323478,0.6852,293.5808696,neutral
Cat-3,301,Liberty-15,2.33,,18998,344.2016944,0.6091,200.2552632,neutral
Cat-3,299,Liberty-15,2.32,,18957,46.03089284,0.7173,115.0772321,neutral
Cat-3,299,Liberty-15,2.31,,18720,194.45,0.275,486.125,neutral
Cat-3,298,Liberty-15,2.31,,18603,48.45891892,0.5071,121.1472973,neutral
Cat-3,296,Liberty-15,2.3,,18372,259.6822018,0.2899,649.2055046,neutral
Cat-3,296,Liberty-15,2.29,,18261,237.8988991,0.5904,594.7472477,neutral
Cat-3,293,Liberty-15,2.29,,18162,48.35056604,0.5282,120.8764151,female
Cat-3,291,Liberty-15,2.27,,17976,280.0584616,0.3433,700.1461539,male
Cat-3,290,Liberty-15,2.26,,17686,288.5697087,0.5417,721.4242718,male
Cat-3,289,Liberty-15,2.26,,17353,75.79941176,0.363,189.4985294,neutral
Cat-3,288,Liberty-15,2.25,,17216,375.7710891,0.4836,939.4277228,neutral
Cat-3,287,Liberty-15,2.24,,16554,276.3972,0.7615,690.993,neutral
Cat-3,287,Liberty-15,2.24,,16417,281.3506,0.6138,703.3765,neutral
Cat-3,286,Liberty-15,2.24,,16308,344.2016944,0.3905,237.4,neutral
Cat-3,836,Mitaka-16,2.23,,1591302,507.9604928,0.42404,1269.901232,female
Cat-3,826,Mitaka-16,5.08,,1557610,523.3549296,0.47695,1708.387324,neutral
Cat-3,656,Mitaka-16,5.03,,240601,478.0225586,0.37895,395.0563966,neutral
Cat-3,570,Mitaka-16,4.11,,167861,104.9404178,0.14567,262.3510444,neutral
Cat-3,550,Mitaka-16,3.64,,161956,119.4294215,0.4549,298.5735537,neutral
Cat-3,544,Mitaka-16,3.53,,145870,426.6268908,0.4408,1066.567227,neutral
Cat-3,510,Mitaka-16,3.5,,114994,274.896966,0.7055,687.2424149,neutral
Cat-3,473,Mitaka-16,3.31,,96150,328.5671329,0.332,821.4178322,neutral
Cat-3,455,Mitaka-16,3.11,,79441,71.99768656,0.4335,179.9942164,neutral
Cat-3,439,Mitaka-16,3.02,,77708,377.1342857,0.35,942.8357143,neutral
Cat-3,439,Mitaka-16,2.93,,63682,343.1157143,0.5329,857.7892857,neutral
Cat-3,437,Mitaka-16,2.93,,55570,280.0104,0.1802,700.026,neutral
Cat-3,417,Mitaka-16,2.92,,54954,318.2944348,0.4559,795.7360869,neutral
Cat-3,414,Mitaka-16,2.81,,41928,67.28211452,0.4789,168.2052863,neutral
Cat-3,409,Mitaka-16,2.79,,38081,302.4224324,0.4933,756.0560811,neutral
Cat-3,406,Mitaka-16,2.77,,37315,407.360274,0.3947,1018.400685,neutral
Cat-3,398,Mitaka-16,2.75,,35492,119.6121327,0.3354,299.0303317,female
Cat-3,392,Mitaka-16,2.71,,35298,150.603122,0.3094,376.5078049,female
Cat-3,389,Mitaka-16,2.67,,34135,426.6268908,0.768,238.904703,female
Cat-3,386,Mitaka-16,2.66,,32753,325.9032161,0.2039,814.7580402,male
Cat-3,382,Mitaka-16,2.64,,31369,86.3406154,0.7846,215.8515385,female
Cat-3,374,Mitaka-16,2.62,,29206,426.6268908,0.3186,235.2497326,male
Cat-3,368,Mitaka-16,2.57,,29083,261.1499448,0.347,652.8748619,male
Cat-3,360,Mitaka-16,2.54,,28862,223.2275144,0.6263,558.0687861,female
Cat-3,355,Mitaka-16,2.5,,28316,173.7814286,0.6332,434.4535714,female
Cat-3,350,Mitaka-16,2.47,,28309,348.94,0.2108,872.35,male
Cat-3,348,Mitaka-16,2.44,,27907,332.0103106,0.561,830.0257764,male
Cat-3,336,Mitaka-16,2.43,,27859,260.0148993,0.5554,650.0372483,male
Cat-3,328,Mitaka-16,2.37,,26919,403.981702,0.7212,1009.954255,female
Cat-3,328,Mitaka-16,2.33,,26120,251.3617021,0.318,628.4042553,male
Cat-3,326,Mitaka-16,2.33,,24432,185.563741,0.3604,463.9093525,male
Cat-3,325,Mitaka-16,2.31,,23490,282.1173913,0.6485,705.2934782,male
Cat-3,323,Mitaka-16,2.31,,22668,413.7841176,0.4241,1034.460294,male
Cat-3,322,Mitaka-16,2.3,,22635,313.1133333,0.5645,782.7833333,male
Cat-3,319,Mitaka-16,2.29,,22381,141.3013636,0.3955,353.2534091,male
Cat-3,318,Mitaka-16,2.28,,21844,341.9444275,0.7735,854.8610687,female
Cat-3,316,Mitaka-16,2.27,,21836,233.092093,0.5662,582.7302326,male
Cat-3,316,Mitaka-16,2.26,,20911,396.6013954,0.4926,991.5034884,male
Cat-3,314,Mitaka-16,2.26,,20184,220.7417699,0.8412,166.8015748,male
Cat-3,313,Mitaka-16,2.25,,20053,367.5042857,0.4914,918.7607143,male
Cat-3,313,Mitaka-16,2.24,,20031,220.7417699,0.3372,1002.682143,male
Cat-3,312,Mitaka-16,2.24,,19932,302.70208,0.5482,756.7552,male
Cat-3,310,Mitaka-16,2.24,,19419,178.7009756,0.7378,446.752439,male
Cat-3,309,Mitaka-16,2.23,,19224,220.7417699,0.5902,978.4655738,neutral
Cat-3,308,Mitaka-16,2.22,,19011,352.8428099,0.3662,882.1070248,neutral
Cat-3,305,Mitaka-16,2.22,,18960,370.0949152,0.654,925.2372881,neutral
Cat-3,304,Mitaka-16,2.2,,18900,426.6268908,0.7852,168.4615385,neutral
Cat-3,304,Mitaka-16,2.19,,18667,220.7417699,0.7091,278.5653846,neutral
Cat-3,304,Mitaka-16,2.19,,18389,158.9984615,0.8173,397.4961538,neutral
Cat-3,304,Mitaka-16,2.19,,18198,220.7417699,0.375,756.7615385,neutral
Cat-3,303,Mitaka-16,2.19,,18099,335.9260345,0.6071,839.8150862,male
Cat-3,302,Mitaka-16,2.19,,18093,222.0933913,0.3899,555.2334783,male
Cat-3,301,Mitaka-16,2.18,,18058,384.6178947,0.6904,961.5447368,male
Cat-3,300,Mitaka-16,2.18,,17840,316.8530974,0.6282,792.1327434,male
Cat-3,300,Mitaka-16,2.17,,17519,220.7417699,0.4433,791.8544248,male
Cat-3,300,Mitaka-16,2.17,,17424,398.9904425,0.6417,997.4761062,male
Cat-3,298,Mitaka-16,2.17,,17378,224.8724324,0.463,562.1810811,male
Cat-3,297,Mitaka-16,2.16,,17242,333.6323636,0.5836,834.0809091,neutral
Cat-3,296,Mitaka-16,2.16,,17177,329.7088073,0.8615,824.2720183,neutral
Cat-3,295,Mitaka-16,2.15,,17114,408.19,0.7138,1020.475,neutral
Cat-3,294,Mitaka-16,2.15,,17083,176.726542,0.4905,441.8163551,male
Cat-3,1446,Newton-16,2.14,,224614,295.3983479,0.42404,738.4958697,male
Cat-3,1037,Newton-16,6.66,,212607,220.3638353,0.47695,550.9095882,male
Cat-3,702,Newton-16,4.9,,133805,285.8192233,0.37895,714.5480582,male
Cat-3,636,Newton-16,3.45,,132854,114.8555011,0.14567,287.1387528,male
Cat-3,613,Newton-16,3.17,,93340,436.9267604,0.4549,1092.316901,female
Cat-3,554,Newton-16,3.07,,87014,205.4248501,0.4408,513.5621253,female
Cat-3,553,Newton-16,2.82,,77909,67.45688524,0.7055,168.6422131,female
Cat-3,550,Newton-16,2.81,,71053,243.1535537,0.332,607.8838843,female
Cat-3,508,Newton-16,2.8,,63605,204.8626168,0.4335,512.1565421,female
Cat-3,474,Newton-16,2.62,,59217,236.0036934,0.35,590.0092335,female
Cat-3,455,Newton-16,2.47,,58945,78.6317164,0.5329,196.579291,male
Cat-3,437,Newton-16,2.39,,58623,141.40856,0.1802,353.5214,male
Cat-3,427,Newton-16,2.31,,58071,415.00325,0.4559,1037.508125,male
Cat-3,417,Newton-16,2.27,,50471,259.2818182,0.4789,252.965,male
Cat-3,413,Newton-16,2.23,,49849,406.9204424,0.4933,1017.301106,male
Cat-3,407,Newton-16,2.21,,41569,195.9200909,0.3947,489.8002273,male
Cat-3,406,Newton-16,2.18,,38408,375.4586301,0.3354,938.6465753,male
Cat-3,400,Newton-16,2.18,,36669,150.3625352,0.3094,375.906338,male
Cat-3,391,Newton-16,2.15,,34569,70.89029412,0.768,177.2257353,female
Cat-3,389,Newton-16,2.11,,31540,106.049505,0.2039,265.1237624,male
Cat-3,384,Newton-16,2.11,,30707,274.2886294,0.7846,685.7215736,male
Cat-3,382,Newton-16,2.08,,28710,338.6861538,0.3186,846.7153846,male
Cat-3,379,Newton-16,2.08,,28216,159.765,0.347,399.4125,male
Cat-3,369,Newton-16,2.06,,27236,40.39164836,0.6263,100.9791209,male
Cat-3,363,Newton-16,2.02,,27180,291.4185714,0.6332,322.7102273,neutral
Cat-3,352,Newton-16,1.99,,26410,152.5563636,0.2108,381.3909091,male
Cat-3,352,Newton-16,1.95,,25975,259.2818182,0.561,648.2045454,male
Cat-3,350,Newton-16,1.95,,25973,77.56036812,0.5554,193.9009203,male
Cat-3,347,Newton-16,1.94,,25728,362.119,0.7212,905.2975,male
Cat-3,347,Newton-16,1.92,,25349,208.092625,0.318,520.2315625,male
Cat-3,347,Newton-16,1.92,,25114,92.62825,0.3604,231.570625,neutral
Cat-3,346,Newton-16,1.92,,24735,219.1415094,0.4926,547.8537736,neutral
Cat-3,342,Newton-16,1.92,,24563,136.7183226,0.8412,341.7958064,neutral
Cat-3,340,Newton-16,1.9,,24074,259.2818182,0.3914,195.1,neutral
Cat-3,337,Newton-16,1.89,,23346,347.6152,0.2372,869.038,neutral
Cat-3,335,Newton-16,1.88,,23343,167.909054,0.4482,419.7726351,neutral
Cat-3,334,Newton-16,1.87,,23042,410.0922448,0.6378,1025.230612,neutral
Cat-3,333,Newton-16,1.87,,22505,376.7815068,0.4902,941.9537671,neutral
Cat-3,333,Newton-16,1.86,,22454,212.7186301,0.2662,531.7965753,neutral
Cat-3,333,Newton-16,1.86,,22257,349.6757534,0.554,874.1893835,neutral
Cat-3,329,Newton-16,1.86,,22057,97.22154928,0.6852,243.0538732,neutral
Cat-3,327,Newton-16,1.85,,21970,291.4185714,0.6091,728.5464286,neutral
Cat-3,325,Newton-16,1.84,,21699,127.3813044,0.7173,318.4532609,neutral
Cat-3,322,Newton-16,1.83,,21044,291.4185714,0.275,247.48,neutral
Cat-3,321,Newton-16,1.82,,20673,300.2532836,0.5071,750.633209,neutral
Cat-3,317,Newton-16,1.81,,20669,80.09553844,0.2899,200.2388461,neutral
Cat-3,316,Newton-16,1.8,,20212,291.4185714,0.5904,359.0651163,neutral
Cat-3,315,Newton-16,1.79,,19865,379.3039062,0.5282,948.2597656,female
Cat-3,313,Newton-16,1.79,,19523,309.9471429,0.3433,774.8678572,neutral
Cat-3,311,Newton-16,1.78,,19351,198.8320968,0.5417,497.080242,neutral
Cat-3,311,Newton-16,1.77,,18968,298.676129,0.363,746.6903226,neutral
Cat-3,308,Newton-16,1.77,,18811,179.7452893,0.4836,449.3632232,neutral
Cat-3,307,Newton-16,1.76,,18312,293.168,0.7615,732.92,neutral
Cat-3,306,Newton-16,1.75,,18107,302.6257143,0.3947,756.5642857,neutral
Cat-3,304,Newton-16,1.75,,18065,226.5,0.3354,566.25,neutral
Cat-3,304,Newton-16,1.74,,18046,232.4707692,0.3094,581.1769231,male
Cat-3,303,Newton-16,1.74,,17857,291.4185714,0.768,288.8762931,male
Cat-3,302,Newton-16,1.74,,17597,297.7170435,0.2039,744.2926087,male
Cat-3,297,Newton-16,1.73,,17526,298.0970909,0.7846,745.2427273,neutral
Cat-3,296,Newton-16,1.71,,17015,135.0412844,0.3186,337.603211,neutral
Cat-3,295,Newton-16,1.71,,16791,130.4516667,0.347,326.1291667,male
Cat-3,730,Ocata-16,1.7,,361436,237.7555801,0.6263,594.3889503,male
Cat-3,564,Ocata-16,4.91,,151005,146.1106101,0.6332,365.2765252,neutral
Cat-3,533,Ocata-16,3.93,,87606,164.1742196,0.2108,410.4355491,female
Cat-3,510,Ocata-16,3.75,,78103,131.9385139,0.561,329.8462848,female
Cat-3,505,Ocata-16,3.61,,63480,367.5018868,0.5554,918.754717,female
Cat-3,494,Ocata-16,3.58,,57101,331.3478176,0.7212,828.369544,female
Cat-3,493,Ocata-16,3.52,,44970,374.7117647,0.318,936.7794118,male
Cat-3,471,Ocata-16,3.51,,41952,190.6202817,0.3604,476.5507042,female
Cat-3,466,Ocata-16,3.38,,38623,93.69225808,0.4926,234.2306452,male
Cat-3,461,Ocata-16,3.35,,30087,132.880511,0.8412,332.2012774,male
Cat-3,441,Ocata-16,3.32,,26973,266.7714173,0.3914,666.9285433,female
Cat-3,426,Ocata-16,3.2,,25149,394.7749791,0.2372,986.9374477,female
Cat-3,420,Ocata-16,3.11,,24829,282.9185408,0.4482,707.2963519,male
Cat-3,413,Ocata-16,3.08,,24283,335.7581416,0.6378,839.395354,male
Cat-3,397,Ocata-16,3.04,,23335,155.7157143,0.4902,389.2892857,neutral
Cat-3,383,Ocata-16,2.94,,22927,472.4635716,0.2662,1181.158929,male
Cat-3,375,Ocata-16,2.86,,22199,230.0671276,0.554,575.1678191,male
Cat-3,364,Ocata-16,2.81,,21642,120.5240678,0.2108,301.3101695,neutral
Cat-3,359,Ocata-16,2.75,,21403,30.76593023,0.561,76.91482558,neutral
Cat-3,357,Ocata-16,2.72,,20091,87.57870588,0.5554,218.9467647,neutral
Cat-3,357,Ocata-16,2.71,,19985,307.8664706,0.7212,769.6661765,neutral
Cat-3,351,Ocata-16,2.71,,19939,70.3964634,0.318,175.9911585,neutral
Cat-3,351,Ocata-16,2.67,,18571,358.495,0.3604,896.2375,male
Cat-3,351,Ocata-16,2.67,,17772,93.6180488,0.4926,234.045122,male
Cat-3,349,Ocata-16,2.67,,17081,49.42333332,0.8412,123.5583333,male
Cat-3,339,Ocata-16,2.66,,16934,214.9323684,0.3914,537.3309211,female
Cat-3,337,Ocata-16,2.6,,16599,195.5188,0.2372,488.797,male
Cat-3,336,Ocata-16,2.59,,16248,187.1881879,0.4482,467.9704698,male
Cat-3,336,Ocata-16,2.58,,16045,168.942953,0.6378,422.3573826,male
Cat-3,323,Ocata-16,2.58,,15849,60.7589706,0.4902,151.8974265,male
Cat-3,323,Ocata-16,2.5,,15799,267.0927941,0.2662,667.7319853,neutral
Cat-3,320,Ocata-16,2.5,,15538,228.6619549,0.554,571.6548872,neutral
Cat-3,315,Ocata-16,2.49,,15338,125.7378125,0.6852,314.3445313,neutral
Cat-3,312,Ocata-16,2.46,,15140,385.8016,0.6091,964.504,neutral
Cat-3,307,Ocata-16,2.44,,14745,339.0175,0.7173,847.54375,neutral
Cat-3,305,Ocata-16,2.41,,14646,359.9142373,0.275,899.7855932,male
Cat-3,304,Ocata-16,2.4,,14172,32.51076923,0.5071,81.27692308,neutral
Cat-3,304,Ocata-16,2.39,,14109,223.2138462,0.2899,558.0346154,neutral
Cat-3,303,Ocata-16,2.39,,14004,107.1717241,0.5904,267.9293103,neutral
Cat-3,302,Ocata-16,2.39,,13924,334.768,0.5282,836.92,neutral
Cat-3,302,Ocata-16,2.38,,13468,396.4542609,0.3433,991.1356522,neutral
Cat-3,302,Ocata-16,2.38,,12882,100.3370435,0.5417,250.8426087,neutral
Cat-3,298,Ocata-16,2.38,,12776,242.6097297,0.363,606.5243243,neutral
Cat-3,298,Ocata-16,2.36,,12662,270.8248649,0.4836,677.0621622,neutral
Cat-3,298,Ocata-16,2.36,,12366,104.7448649,0.7615,261.8621622,neutral
Cat-3,296,Ocata-16,2.36,,12217,183.5179816,0.3947,458.7949541,neutral
Cat-3,295,Ocata-16,2.34,,12197,132.795,0.3354,331.9875,male
Cat-3,293,Ocata-16,2.34,,12163,54.96358492,0.3094,137.4089623,male
Cat-3,293,Ocata-16,2.33,,12069,115.2039623,0.768,288.0099057,male
Cat-3,292,Ocata-16,2.33,,11865,154.5685714,0.2039,386.4214286,male
Cat-3,292,Ocata-16,2.32,,11613,284.9365714,0.7846,712.3414286,male
Cat-3,291,Ocata-16,2.32,,11560,317.7538462,0.3186,794.3846154,male
Cat-3,291,Ocata-16,2.32,,11267,273.6467308,0.347,684.1168269,male
Cat-3,290,Ocata-16,2.32,,11222,127.673398,0.6263,319.1834951,male
Cat-3,289,Ocata-16,2.31,,10836,393.4988235,0.6332,983.7470588,male
Cat-3,288,Ocata-16,2.3,,10638,255.2479208,0.2108,638.119802,male
Cat-3,286,Ocata-16,2.3,,10573,370.5327273,0.561,926.3318182,male
Cat-3,285,Ocata-16,2.29,,10416,242.3477551,0.5554,605.8693878,neutral
Cat-3,283,Ocata-16,2.28,,10325,400.3843752,0.7212,1000.960938,neutral
Cat-3,283,Ocata-16,2.27,,10041,69.451875,0.318,173.6296875,neutral
Cat-3,280,Ocata-16,2.27,,9843,179.3735484,0.3604,448.433871,neutral
Cat-3,1008,Pike-17,2.25,,378228,215.0283069,0.4926,537.5707673,female
Cat-3,796,Pike-17,5.52,,260003,288.5703448,0.8412,721.4258621,female
Cat-3,707,Pike-17,4.46,,169371,407.697654,0.3914,1019.244135,male
Cat-3,696,Pike-17,4.02,,81604,207.0898232,0.2372,517.724558,male
Cat-3,689,Pike-17,3.96,,69979,276.099243,0.6263,690.2481076,male
Cat-3,614,Pike-17,3.93,,69716,286.4807494,0.6332,716.2018736,female
Cat-3,563,Pike-17,3.56,,69121,397.0962234,0.2108,992.7405585,female
Cat-3,554,Pike-17,3.3,,61630,350.9749319,0.561,877.4373297,female
Cat-3,547,Pike-17,3.26,,56739,324.2695,0.5554,810.67375,male
Cat-3,544,Pike-17,3.22,,45025,168.5806723,0.7212,421.4516807,male
Cat-3,520,Pike-17,3.21,,43034,51.35891892,0.318,128.3972973,female
Cat-3,461,Pike-17,3.09,,43020,256.1615038,0.3604,275.4416058,male
Cat-3,459,Pike-17,2.79,,36108,181.3861765,0.4926,453.4654412,male
Cat-3,458,Pike-17,2.78,,35750,335.2243542,0.8412,838.0608856,female
Cat-3,436,Pike-17,2.78,,32110,306.3975904,0.3914,765.9939759,female
Cat-3,426,Pike-17,2.67,,31079,406.841088,0.2372,1017.10272,male
Cat-3,422,Pike-17,2.62,,30456,391.9814754,0.4482,422.7455319,male
Cat-3,421,Pike-17,2.6,,30300,123.8615384,0.6378,309.6538461,neutral
Cat-3,401,Pike-17,2.59,,29000,76.58691588,0.4902,191.4672897,neutral
Cat-3,400,Pike-17,2.5,,28619,233.5597183,0.2662,583.8992958,neutral
Cat-3,394,Pike-17,2.49,,27393,139.22896,0.554,308.6804348,neutral
Cat-3,389,Pike-17,2.46,,26987,216.3923762,0.2108,540.9809406,neutral
Cat-3,386,Pike-17,2.44,,26610,299.5467337,0.561,748.8668342,neutral
Cat-3,386,Pike-17,2.42,,25997,272.9922613,0.5554,682.4806533,neutral
Cat-3,379,Pike-17,2.42,,25618,391.9814754,0.7212,814.3234375,neutral
Cat-3,372,Pike-17,2.39,,25547,254.7916757,0.318,636.9791892,neutral
Cat-3,363,Pike-17,2.35,,24933,142.7860227,0.3604,356.9650568,neutral
Cat-3,360,Pike-17,2.31,,24278,389.2580347,0.4926,973.1450867,neutral
Cat-3,356,Pike-17,2.29,,23144,245.7249704,0.8412,614.312426,neutral
Cat-3,356,Pike-17,2.27,,21549,256.1615038,0.3914,514.0653846,neutral
Cat-3,355,Pike-17,2.27,,20998,359.9407143,0.2372,899.8517857,neutral
Cat-3,343,Pike-17,2.27,,20858,233.0976923,0.4482,582.7442308,neutral
Cat-3,342,Pike-17,2.21,,19737,55.11393548,0.6378,137.7848387,male
Cat-3,338,Pike-17,2.2,,19651,46.6647682,0.4902,116.6619205,male
Cat-3,338,Pike-17,2.18,,19401,390.766755,0.2662,976.9168874,male
Cat-3,334,Pike-17,2.18,,19290,327.8979592,0.554,819.744898,male
Cat-3,326,Pike-17,2.16,,19104,47.86417268,0.6852,119.6604317,male
Cat-3,325,Pike-17,2.12,,18309,300.1595652,0.6091,750.398913,male
Cat-3,325,Pike-17,2.12,,17665,256.1615038,0.7173,234.298913,male
Cat-3,322,Pike-17,2.12,,16988,43.584,0.275,108.96,male
Cat-3,322,Pike-17,2.1,,16752,391.9814754,0.5071,337.1733333,male
Cat-3,320,Pike-17,2.1,,16646,256.1615038,0.2899,640.4037594,male
Cat-3,319,Pike-17,2.09,,16382,139.22896,0.5904,327.8022727,neutral
Cat-3,316,Pike-17,2.09,,16023,139.22896,0.5282,251.4523256,neutral
Cat-3,316,Pike-17,2.07,,15460,139.22896,0.3433,183.4883721,neutral
Cat-3,315,Pike-17,2.07,,15376,111.79125,0.5417,279.478125,neutral
Cat-3,314,Pike-17,2.07,,14992,63.76188976,0.363,159.4047244,neutral
Cat-3,312,Pike-17,2.06,,13909,139.22896,0.4836,348.0724,neutral
Cat-3,310,Pike-17,2.05,,13728,190.3726829,0.7615,475.9317073,neutral
Cat-3,309,Pike-17,2.04,,13663,391.9814754,0.3947,979.9536885,male
Cat-3,308,Pike-17,2.04,,13609,268.0067768,0.3354,670.0169421,male
Cat-3,307,Pike-17,2.03,,13599,139.22896,0.3094,144.24625,male
Cat-3,307,Pike-17,2.03,,13373,331.3595,0.768,828.39875,neutral
Cat-3,306,Pike-17,2.03,,13288,235.3364706,0.2039,588.3411765,neutral
Cat-3,306,Pike-17,2.02,,13002,100.9038656,0.7846,252.2596639,neutral
Cat-3,305,Pike-17,2.02,,12953,382.5316949,0.42404,956.3292373,male
Cat-3,303,Pike-17,2.02,,12777,141.6677586,0.47695,354.1693966,neutral
Cat-3,302,Pike-17,2.01,,12308,409.4386088,0.37895,1023.596522,neutral
Cat-3,301,Pike-17,2,,12244,171.0378947,0.14567,427.5947368,neutral
Cat-3,298,Pike-17,2,,12161,391.9814754,0.4549,441.0310811,neutral
Cat-3,297,Pike-17,1.98,,12116,391.9814754,0.4335,1000.5467,male